time,theta,omega,tau
0.0,0.0,0.0,4.440892098500626e-16
0.004166666666666667,1.2046678256771308e-20,2.891202781625114e-18,0.012747330970196659
0.008333333333333333,3.4579312314837283e-07,8.299034955560658e-05,0.024764626339844643
0.0125,1.3633690301342374e-06,0.00024421821767660746,0.03613243579641294
0.016666666666666666,3.361098967027279e-06,0.00047945518485433003,0.0469222905151302
0.020833333333333332,6.63167617057058e-06,0.0007849385288503923,0.05719770271546889
0.025,1.1453838745603428e-05,0.0011573190180078833,0.067015054686019
0.029166666666666667,1.809389913093204e-05,0.0015936144924788669,0.07642438949482196
0.03333333333333333,2.680710160301645e-05,0.0020911685933002588,0.0854701142520053
0.0375,3.783882689467359e-05,0.0026476140699977133,0.09419162559055072
0.041666666666666664,5.142566089603061e-05,0.003260840160325684,0.1026238659627574
0.04583333333333333,6.77963425282201e-05,0.003928963591725478,0.11079781839975003
0.05,8.717260421101387e-05,0.004650302803870505,0.11874094653619
0.05416666666666667,0.000109769916860817,0.005423355035952751,0.1264775859505587
0.058333333333333334,0.00013579815003479577,0.006246775961754903,0.13402929220268878
0.0625,0.00016546215666225187,0.00711936159058946,0.14141515035541763
0.06666666666666667,0.00019896229075954633,0.008040032183350676,0.1486520502381818
0.07083333333333333,0.0002364948655955685,0.00900781796064532,0.155754931239782
0.075,0.0002782525589481714,0.010021846404624689,0.16273699999896632
0.07916666666666666,0.00032442477135680273,0.011081330978071529,0.16960992398916214
0.08333333333333333,0.00037519794262264825,0.012185561103802922,0.176384003662516
0.0875,0.0004307558312259875,0.013333893264801427,0.18306832552383143
0.09166666666666666,0.0004912797608131554,0.014525743100920292,0.18967089824297867
0.09583333333333333,0.0005569488374453898,0.015760578391736255,0.19619877368129454
0.1,0.000627940140892614,0.01703791282733381,0.20265815450019273
0.10416666666666667,0.0007044288928912208,0.018357300479665637,0.20905448983581199
0.10833333333333334,0.0007865886049611965,0.019718330896794187,0.21539256035952686
0.1125,0.0008745912080899969,0.02112062475091209,0.22167655389825064
0.11666666666666667,0.000968607166334504,0.022563829978681713,0.2279101326587127
0.12083333333333333,0.0010688055761646387,0.02404761835923231,0.23409649298446453
0.125,0.0011753542531696378,0.02557168248119979,0.2402384184717071
0.12916666666666665,0.0012884198075678558,0.027135733055572285,0.24633832717871698
0.13333333333333333,0.0014081677098007242,0.02873949653588843,0.2523983135824289
0.1375,0.0015347623473490166,0.030382713011590207,0.2584201858634713
0.14166666666666666,0.0016683670737828358,0.032065134344116626,0.26440549903670885
0.14583333333333334,0.0018091442509440476,0.033786522518690854,0.2703555843871742
0.15,0.0019572552850596614,0.03554664818774728,0.2762715756204228
0.15416666666666667,0.0021128606574955288,0.03734528938460816,0.2821544320911468
0.15833333333333333,0.0022761199507804787,0.03918223038838802,0.2880049594336248
0.1625,0.0024471918704605236,0.04105726072321075,0.2938238278818438
0.16666666666666666,0.0026262342632800994,0.04297017427669822,0.2996115885352665
0.17083333333333334,0.0028134041321315815,0.044920768524355684,0.30536868779794485
0.175,0.0030088576481647556,0.046908843847961755,0.31109548019348154
0.17916666666666667,0.0032127501604038763,0.04893420293738902,0.31679223973595244
0.18333333333333332,0.0034252362031807677,0.05099665026645399,0.3224591700169827
0.1875,0.0036464695016575933,0.05309599163443813,0.3280964131514586
0.19166666666666665,0.0038766029756819643,0.05523203376584905,0.3337040577085799
0.19583333333333333,0.004115788742189532,0.057404583961816164,0.3392821457409639
0.2,0.004364178116344734,0.059613449797248655,0.34483067901202086
0.20416666666666666,0.004621921611588635,0.06185843885853623,0.35034962451074847
0.20833333333333334,0.004889168938743441,0.06413935851715344,0.3558389193332249
0.2125,0.005166069004306126,0.06645601573504452,0.36129847500129014
0.21666666666666667,0.005452769908048312,0.06880821689812462,0.3667281812811378
0.22083333333333333,0.005749418940025986,0.07119576767464164,0.37212790955755226
0.225,0.006056162577090593,0.07361847289550569,0.3774975158133995
0.22916666666666666,0.006373146478982327,0.0760761364540163,0.38283684325844786
0.23333333333333334,0.0067005154840769285,0.07856856122270435,0.3881457246467451
0.2375,0.007038413604848849,0.08109554898526102,0.3934239843174021
0.24166666666666667,0.007386984023106153,0.08365690038175307,0.39867143998980387
0.24583333333333332,0.007746369085045844,0.08625241486552576,0.4038879043408038
0.25,0.008116710296172402,0.0888818906703739,0.4090731863884144
0.25416666666666665,0.008498148316117074,0.09154512478672126,0.41422709270378544
0.2583333333333333,0.008890822953390784,0.09424191294569054,0.41934942847085305
0.2625,0.009294873160099417,0.09697204961007196,0.424439998410872
0.26666666666666666,0.009710437026646547,0.09973532797131111,0.429498607587141
0.2708333333333333,0.010137651776445445,0.10253153995173575,0.434525062103561
0.275,0.010576653760659322,0.10536047621133054,0.4395191697090827
0.2791666666666667,0.011027578452986185,0.10822192615844703,0.444480740318822
0.2833333333333333,0.011490560444502461,0.11111567796390623,0.44940958646140744
0.2875,0.011965733438577519,0.11404151857801371,0.4543055236610233
0.2916666666666667,0.012453230245869444,0.11699923375006187,0.4591683707617227
0.29583333333333334,0.012953182779410875,0.1199886080499436,0.46399795020069634
0.3,0.013465722049792314,0.12300942489154518,0.46879408823647595
0.30416666666666664,0.013990978160449082,0.12606146655762465,0.4735566151373326
0.30833333333333335,0.014529080303057069,0.129144514225917,0.47828536533459814
0.3125,0.01508015675304139,0.13225834799623729,0.482980177545059
0.31666666666666665,0.01564433486520131,0.13540274691838072,0.4876408948661631
0.3208333333333333,0.016221741069453986,0.13857748902064262,0.4922673648472805
0.325,0.016812500866698995,0.14178235133880218,0.49685943953997747
0.32916666666666666,0.01741673882480497,0.14501710994543368,0.5014169755298739
0.3333333333333333,0.01803457857471924,0.148281539979425,0.5059398339524036
0.3375,0.0186661428067009,0.1515754156755988,0.5104278804944848
0.3416666666666667,0.019311553266677335,0.15489851039434444,0.5148809853839271
0.3458333333333333,0.019970930752723923,0.15825059665118119,0.5192990233681971
0.35,0.020644395111666353,0.161631446146183,0.5236818736839113
0.3541666666666667,0.021332065235804706,0.16504082979320467,0.5280294200183657
0.35833333333333334,0.02203405905975828,0.1684785177488576,0.5323415504641795
0.3625,0.022750493557429908,0.17194427944119034,0.5366181574680651
0.36666666666666664,0.023481484739088388,0.1754378835980354,0.5408591377745771
0.37083333333333335,0.024227147648567513,0.17895909827499,0.5450643923656097
0.375,0.024987596360580025,0.18250769088300298,0.5492338263963414
0.37916666666666665,0.025762943978144794,0.18608342821554444,0.5533673491282151
0.3833333333333333,0.026553302630125376,0.1896860764753393,0.5574648738594815
0.3875,0.02735878346887808,0.19331540130064861,0.5615263178537782
0.39166666666666666,0.028179496668007602,0.19697116779108573,0.5655516022671457
0.3958333333333333,0.02901555142022826,0.20065314053295752,0.5695406520738813
0.4,0.02986705593532877,0.2043610836241228,0.5734933959914785
0.4041666666666667,0.03073411743823861,0.20809476069836205,0.5774097664049884
0.4083333333333333,0.03161684216719384,0.2118539349492547,0.5812896992910478
0.4125,0.03251533537200035,0.21563836915356183,0.5851331341417285
0.4166666666666667,0.033429701312392486,0.21944782569411314,0.588940013888481
0.42083333333333334,0.03436004325648498,0.22328206658219868,0.5927102848262362
0.425,0.03530646347931609,0.22714085347946647,0.5964438965379176
0.42916666666666664,0.03626906326147996,0.23102394771932871,0.6001408018193792
0.43333333333333335,0.03724794288784612,0.23493111032787925,0.6038009566049487
0.4375,0.03824320164636415,0.23886210204432634,0.6074243198936198
0.44166666666666665,0.03925493782695142,0.24281668334094492,0.6110108536760128
0.4458333333333333,0.04028324872046206,0.24679461444255324,0.6145605228621391
0.45,0.04132823061773506,0.25079565534551934,0.6180732952100356
0.45416666666666666,0.042389978808719656,0.25481956583630294,0.6215491412552898
0.4583333333333333,0.043468587581676064,0.25886610550953826,0.6249880342415775
0.46249999999999997,0.04456415022244967,0.2629350337856649,0.628389950052129
0.4666666666666667,0.0456767590138168,0.2670261099281125,0.6317548671422373
0.4708333333333333,0.04680650523490032,0.2711390930600457,0.6350827664727781
0.475,0.04795347916065314,0.2752737421806767,0.6383736314448185
0.4791666666666667,0.04911777006140794,0.2794298161811518,0.6416274478352396
0.48333333333333334,0.05029946620249135,0.2836070738600191,0.6448442037334472
0.4875,0.051498654843900864,0.28780527393828365,0.6480238894791761
0.49166666666666664,0.052715422240042775,0.29202417507405837,0.651166497601318
0.49583333333333335,0.05394985363952951,0.2962635358768161,0.6542720227578864
0.5,0.05520203328503472,0.3005231149212512,0.6573404616769991
0.5041666666666667,0.056472044413204546,0.30480267076075684,0.6603718130989745
0.5083333333333333,0.0577599692546234,0.30910196194052497,0.6633660777194679
0.5125,0.059065889033832884,0.31342074701027667,0.6663232581336602
0.5166666666666666,0.06038988396940217,0.3177587845366286,0.6692433587815174
0.5208333333333334,0.061732033274048435,0.3221158331151035,0.6721263858940811
0.525,0.0630924151548059,0.3264916513817907,0.6749723474407506
0.5291666666666667,0.064471106813242,0.3308859980246637,0.6777812530776799
0.5333333333333333,0.06586818444571935,0.3352986317945613,0.6805531140970915
0.5375,0.067283723243702,0.33972931151583957,0.683287943377632
0.5416666666666666,0.06871779739410493,0.3441777960966996,0.6859857553357127
0.5458333333333333,0.07017048007968492,0.34864384453919933,0.6886465658778287
0.55,0.07164184347947222,0.3531272159489546,0.6912703923538402
0.5541666666666667,0.07313195876924113,0.35762766954453573,0.6938572535111742
0.5583333333333333,0.07464089612201849,0.3621449646665667,0.6964071694500549
0.5625,0.07616872470862904,0.36667886078653206,0.6989201615795658
0.5666666666666667,0.07771551269827612,0.37122911751529825,0.701396252574676
0.5708333333333333,0.07928132725915676,0.37579549461135514,0.703835466334194
0.575,0.08086623455911003,0.3803777519887836,0.7062378279395498
0.5791666666666666,0.08247029976629734,0.3849756497249549,0.7086033636145371
0.5833333333333334,0.08409358704991388,0.38958894806796796,0.7109321006858793
0.5875,0.08573615958092984,0.3942174074438298,0.7132240675446483
0.5916666666666667,0.0873980795328606,0.3988607884633851,0.7154792936085869
0.5958333333333333,0.08907940808256477,0.4035188519289999,0.7176978092852021
0.6,0.09078020541106896,0.4081913588410057,0.7198796459357558
0.6041666666666666,0.09250053070441858,0.4128780704039087,0.7220248358399972
0.6083333333333333,0.09424044215455345,0.4175787480323695,0.7241334121617895
0.6125,0.09599999696020745,0.42229315335695894,0.7262054089154416
0.6166666666666667,0.09777925132783118,0.427021048229695,0.7282408609329153
0.6208333333333333,0.09957826047253687,0.43176219472936606,0.7302398038317509
0.625,0.10139707861906457,0.4365163551666452,0.7322022739838121
0.6291666666666667,0.10323575900276874,0.44128329208900136,0.7341283084847243
0.6333333333333333,0.10509435387062462,0.4460627682854111,0.7360179451241373
0.6375,0.10697291448225327,0.45085454679087705,0.7378712223566944
0.6416666666666666,0.10887149111096475,0.4556583908907575,0.7396881792737287
0.6458333333333334,0.11079013304481855,0.4604740641249112,0.7414688555757278
0.65,0.11272888858770048,0.46530133029166343,0.7432132915454578
0.6541666666666667,0.11468780506041547,0.4701399534515967,0.744921528021879
0.6583333333333333,0.11666692880179536,0.47498969793117196,0.7465936063746814
0.6625,0.11866630516982112,0.4798503283261838,0.7482295684795884
0.6666666666666666,0.12068597854275884,0.4847216095050549,0.7498294566943011
0.6708333333333333,0.12272599232030873,0.48960330661197393,0.7513933138351585
0.675,0.12478638892476657,0.4944951850698815,0.7529211831544879
0.6791666666666667,0.126867209802197,0.4993970105833086,0.7544131083185406
0.6833333333333333,0.12896849542361816,0.5043085491410715,0.7558691333862205
0.6875,0.1310902852861966,0.5092295670188277,0.7572893027884147
0.6916666666666667,0.13323261791445284,0.5141598307814984,0.7586736613079021
0.6958333333333333,0.13539553086147602,0.5190991072855587,0.7600222540600499
0.7,0.1375790607101477,0.5240471636812034,0.7613351264740456
0.7041666666666666,0.1397832430743743,0.5290037674143899,0.7626123242748217
0.7083333333333334,0.1420081126003275,0.5339686862287637,0.763853893465607
0.7125,0.14425370296769197,0.53894168816747,0.7650598803110322
0.7166666666666667,0.14652004689092052,0.543922541574856,0.7662303313210157
0.7208333333333333,0.1488071761204958,0.5489110150980673,0.7673652932350943
0.725,0.15111512144419806,0.5539068776885431,0.768464813007492
0.7291666666666666,0.15344391268837895,0.5589098986034138,0.7695289377927226
0.7333333333333333,0.15579357871924063,0.5639198474068051,0.7705577149318463
0.7375,0.15816414744412002,0.5689364939710525,0.7715511919392986
0.7416666666666667,0.16055564581277765,0.5739596084778297,0.7725094164902968
0.7458333333333333,0.16296809981869095,0.5789889614191958,0.7734324364089393
0.75,0.16540153450035164,0.5840243235985642,0.7743202996567566
0.7541666666666667,0.16785597394256663,0.5890654661315977,0.7751730543219146
0.7583333333333333,0.1703314412777626,0.5941121604470327,0.7759907486090516
0.7625,0.1728279586872936,0.5991641782874376,0.7767734308295797
0.7666666666666666,0.17534554740275154,0.6042212917099079,0.7775211493926522
0.7708333333333334,0.17788422770727946,0.6092832730867024,0.7782339527966646
0.775,0.18044401893688705,0.6143498951058244,0.7789118896213179
0.7791666666666667,0.1830249394817685,0.619420930771551,0.7795550085202665
0.7833333333333333,0.1856270067876223,0.6244961534049146,0.7801633582143384
0.7875,0.18825023735697288,0.62957533664414,0.7807369874852532
0.7916666666666666,0.1908946467504939,0.6346582544450411,0.7812759451699778
0.7958333333333333,0.19356024958833298,0.6397446810813804,0.7817802801555496
0.8,0.19624705955143795,0.6448343911451951,0.7822500413745421
0.8041666666666667,0.19895508938288417,0.6499271595470936,0.7826852778009481
0.8083333333333333,0.20168435088920303,0.6550227615165247,0.783086038446787
0.8125,0.20443485494171146,0.6601209726020261,0.7834523723590787
0.8166666666666667,0.2072066114778425,0.6652215686714512,0.783784328617416
0.8208333333333333,0.20999962950247658,0.670324325912182,0.7840819563321217
0.825,0.21281391708927377,0.6754290208313287,0.7843453046428881
0.8291666666666666,0.2156494813820068,0.680535430255921,0.7845744227179157
0.8333333333333334,0.2185063285958947,0.6856433313330939,0.7847693597536716
0.8375,0.2213844640189375,0.6907525015302712,0.7849301649750335
0.8416666666666667,0.22428389201325147,0.6958627186353513,0.7850568876361241
0.8458333333333333,0.2272046160164052,0.7009737607568968,0.7851495770215045
0.85,0.2301466385427566,0.706085406324333,0.7852082824479663
0.8541666666666666,0.2331099611847906,0.711197434088158,0.7852330532668306
0.8583333333333333,0.23609458461445798,0.7163096231201671,0.7852239388667097
0.8624999999999999,0.23910050858451504,0.7214217528136955,0.7851809886768399
0.8666666666666667,0.24212773192986456,0.7265336028838831,0.7851042521708482
0.8708333333333333,0.24517625256889775,0.7316449533679636,0.7849937788710515
0.875,0.24824606750483766,0.7367555846255811,0.7848496183532676
0.8791666666666667,0.25133717282708407,0.7418652773391387,0.7846718202521092
0.8833333333333333,0.25444956371255983,0.7469738125141808,0.784460434266721
0.8875,0.25758323442705905,0.7520809714798142,0.7842155101670614
0.8916666666666666,0.26073817832659724,0.7571865358891681,0.7839370978006439
0.8958333333333334,0.2639143878587635,0.7622902877198995,0.7836252470997553
0.9,0.26711185456407494,0.7673920092747453,0.7832800080891222
0.9041666666666667,0.27033056907733377,0.7724914831821235,0.7829014308941327
0.9083333333333333,0.27357052112898705,0.7775884923967892,0.7824895657494388
0.9125,0.27683169954648934,0.7826828202005456,0.7820444630080527
0.9166666666666666,0.2801140922556686,0.7877742502030147,0.7815661731509054
0.9208333333333333,0.2834176862820955,0.79286256634247,0.7810547467968931
0.9249999999999999,0.28674246775245693,0.7979475528867346,0.7805102347133046
0.9291666666666667,0.29008842189593254,0.8030289944341477,0.7799326878267601
0.9333333333333333,0.2934555330455767,0.8081066759146016,0.7793221572345441
0.9375,0.2968437846397044,0.8131803825906528,0.7786786942164383
0.9416666666666667,0.3002531592232824,0.8182499000587105,0.778002350246942
0.9458333333333333,0.30368363844932533,0.8233150142503034,0.777293177007957
0.95,0.30713520308029796,0.828375511433431,0.7765512264018204
0.9541666666666666,0.31060783298952294,0.8334311782139983,0.7757765505648782
0.9583333333333334,0.31410150716259516,0.8384818015373391,0.7749692018813819
0.9625,0.3176162036988028,0.8435271686898302,0.7741292329978049
0.9666666666666667,0.32115189981255526,0.8485670673005986,0.773256696837652
0.9708333333333333,0.3247085718348191,0.8536012853433249,0.7723516466165474
0.975,0.32828619521456137,0.8586296111381454,0.7714141358577704
0.9791666666666666,0.3318847445202016,0.8636518333536546,0.7704442184082163
0.9833333333333333,0.3355041934410725,0.8686677410090126,0.7694419484546797
0.9874999999999999,0.33914451478888985,0.8736771234761577,0.7684073805405593
0.9916666666666667,0.34280568049923205,0.878679770482128,0.7673405695829305
0.9958333333333333,0.34648766163302996,0.8836754721114943,0.7662415708898882
1.0,0.3501904283780671,0.8886640188089059,0.7651104401784377
1.0041666666666667,0.35391395005049103,0.8936452013817524,0.7639472335925781
1.0083333333333333,0.3576581950963366,0.898618811002944,0.7627520077217476
1.0125,0.36142313109306085,0.9035846392138115,0.7615248196197082
1.0166666666666666,0.36520872475109056,0.9085424779271286,0.7602657268236763
1.0208333333333333,0.3690149419153833,0.9134921194302603,0.7589747873737198
1.025,0.3728417475670018,0.9184333563884362,0.7576520598326959
1.0291666666666666,0.37668910582470244,0.9233659818481538,0.7562976033061832
1.0333333333333332,0.38055697994653875,0.9282897892407124,0.7549114774629788
1.0375,0.3844453323314799,0.9332045723858795,0.7534937425558774
1.0416666666666667,0.38835412452104534,0.9381101254956932,0.7520444594423354
1.0458333333333334,0.39228331720095533,0.9430062431783983,0.7505636896061221
1.05,0.3962328702027992,0.9478927204425244,0.7490514951785894
1.0541666666666667,0.4002027425057204,0.9527693527011014,0.7475079389605228
1.0583333333333333,0.4041928922381205,0.9576359357760182,0.7459330844441769
1.0625,0.408203276679381,0.9624922659025245,0.744326995835535
1.0666666666666667,0.41223385226160547,0.9673381397338768,0.7426897380768573
1.0708333333333333,0.416284574571381,0.9721733543461328,0.7410213768693623
1.075,0.42035539835156055,0.9769977072430918,0.7393219786962453
1.0791666666666666,0.42444627750306635,0.9818109963613859,0.7375916108456866
1.0833333333333333,0.4285571650867152,0.9866130200757212,0.7358303414343443
1.0875,0.43268801332506635,0.9914035772042706,0.7340382394308391
1.0916666666666666,0.43683877360429224,0.9961824670142216,0.7322153746793933
1.0958333333333332,0.4410093964760734,1.0009494892274757,0.730361817923745
1.1,0.44519983165951715,1.0057044440265055,0.7284776408311777
1.1041666666666667,0.44941002804310204,1.0104471320603667,0.7265629160165554
1.1083333333333334,0.45363993368664735,1.0151773544508678,0.7246177170667947
1.1125,0.4578894958233094,1.019894912798898,0.722642118565167
1.1166666666666667,0.4621586608616049,1.0245996091909146,0.7206361961157701
1.1208333333333333,0.46644737438746153,1.029291246205588,0.7186000263682049
1.125,0.4707555811662974,1.0339696269206096,0.7165336870421943
1.1291666666666667,0.4750832251451293,1.0386345549196572,0.7144372569524391
1.1333333333333333,0.47943024945471063,1.0432858342995253,0.7123108160333338
1.1375,0.48379659641169986,1.0479232696774137,0.7101544453639193
1.1416666666666666,0.4881822075208598,1.0525466661983802,0.7079682271927408
1.1458333333333333,0.4925870234772888,1.0571558295429544,0.7057522449627189
1.15,0.4970109841686842,1.0617505659349133,0.7035065833361855
1.1541666666666666,0.5014540286776393,1.0663306821492207,0.7012313282197349
1.1583333333333332,0.5059160952839732,1.070895985520127,0.6989265667891775
1.1625,0.5103971214670958,1.0754462839494332,0.6965923875143689
1.1666666666666667,0.514897043908408,1.0799813859149152,0.694228880184034
1.1708333333333334,0.5194157984937368,1.0845011004789107,0.6918361359305969
1.175,0.5239533203158079,1.0890052372970662,0.6894142472548861
1.1791666666666667,0.5285095436767547,1.0934936066272471,0.6869633080506521
1.1833333333333333,0.5330844020906655,1.0979660193386054,0.6844834136291604
1.1875,0.537677828286169,1.1024222869208082,0.6819746607435802
1.1916666666666667,0.5422897542090582,1.1068622214934258,0.6794371476132381
1.1958333333333333,0.5469201110249561,1.1112856358154763,0.6768709739477528
1.2,0.5515688291220191,1.1156923432951285,0.6742762409709453
1.2041666666666666,0.5562358381136839,1.1200821579995595,0.6716530514447809
1.2083333333333333,0.5609210668414546,1.124454894664969,0.6690015096927304
1.2125,0.5656244433777327,1.1288103687067457,0.6663217216234676
1.2166666666666666,0.5703458950286902,1.1331483962297864,0.6636137947537524
1.2208333333333332,0.5750853483371858,1.1374687940389667,0.6608778382315901
1.225,0.5798427290857265,1.1417713796497604,0.6581139628588719
1.2291666666666667,0.5846179622994724,1.1460559712990066,0.6553222811137616
1.2333333333333334,0.5894109722492883,1.1503223879558235,0.6525029071728996
1.2375,0.5942216824548411,1.1545704493326665,0.6496559569332305
1.2416666666666667,0.5990500156877433,1.158799975896527,0.6467815480336281
1.2458333333333333,0.6038958939747444,1.163010788880274,0.6438797998760153
1.25,0.6087592386009699,1.167202710294132,0.6409508336462997
1.2541666666666667,0.6136399701132087,1.1713755629372953,0.6379947723348529
1.2583333333333333,0.618538008323249,1.1755291704096757,0.6350117407567533
1.2625,0.6234532723112648,1.1796633571237831,0.6320018655714499
1.2666666666666666,0.6283856804292511,1.1837779483167314,0.6289652753021828
1.2708333333333333,0.633335150304511,1.1878727700623741,0.6259021003548444
1.275,0.6383015988431926,1.1919476492835601,0.6228124730365652
1.2791666666666666,0.6432849422338781,1.1960024137645122,0.6196965275736854
1.2833333333333332,0.6482850959512253,1.2000368921633218,0.6165544001294041
1.2875,0.653301974759661,1.204050914024558,0.6133862288208602
1.2916666666666667,0.6583354927171277,1.20804430979199,0.6101921537356132
1.2958333333333334,0.6633855631788835,1.2120169108214134,0.6069723169479833
1.3,0.6684520988013568,1.2159685493935866,0.6037268625343017
1.3041666666666667,0.6735350115460538,1.2198990587272638,0.6004559365881983
1.3083333333333333,0.6786342126835219,1.2238082729923283,0.5971596872348481
1.3125,0.6837496127973678,1.2276960273230195,0.5938382646449734
1.3166666666666667,0.6888811217883313,1.2315621578312492,0.5904918210481265
1.3208333333333333,0.6940286488784146,1.2354065016200064,0.5871205107452351
1.325,0.6991921026150681,1.2392288967968423,0.5837244901208178
1.3291666666666666,0.7043713908754324,1.2430291824874355,0.5803039176543914
1.3333333333333333,0.7095664208706376,1.2468071988492309,0.5768589539312252
1.3375,0.7147770991501591,1.2505627870851495,0.5733897616524111
1.3416666666666666,0.7200033316062314,1.2542957894573632,0.5698965056444099
1.3458333333333332,0.7252450234783194,1.2580060493011316,0.5663793528677541
1.35,0.7305020793576473,1.261693411038696,0.562838472425069
1.3541666666666667,0.7357744031917858,1.2653577201932247,0.5592740355684525
1.3583333333333334,0.7410618982892975,1.2689988234028076,0.5556862157060936
1.3625,0.7463644673244412,1.272616568434493,0.5520751884080601
1.3666666666666667,0.7516820123419343,1.2762108041983624,0.5484411314114919
1.3708333333333333,0.7570144347617744,1.2797813807616387,0.5447842246248982
1.375,0.7623616353841195,1.283328149362823,0.5411046501316656
1.3791666666666667,0.7677235143942273,1.2868509624258542,0.5374025921928824
1.3833333333333333,0.7730999713674535,1.2903496735742859,0.5336782372493598
1.3875,0.7784909052743096,1.293824137645478,0.5299317739226304
1.3916666666666666,0.7838962144855797,1.297274210704794,0.5261633930153939
1.3958333333333333,0.7893157967774955,1.3006997500598012,0.5223732875109306
1.4,0.7947495493369725,1.3041006142744669,0.5185616525718642
1.4041666666666666,0.8001973687669032,1.3074766631833474,0.5147286855378006
1.4083333333333332,0.8056591510915105,1.3108277579057606,0.5108745859223083
1.4125,0.8111347917617603,1.3141537608599392,0.5069995554090454
1.4166666666666667,0.8166241856608318,1.3174545357771597,0.5031037978467401
1.4208333333333334,0.8221272271096478,1.320729947715837,0.4991875192436632
1.425,0.8276438098724628,1.3239798630755844,0.49525092776090496
1.4291666666666667,0.8331738271625095,1.3272041496112292,0.4912942337049371
1.4333333333333333,0.8387171716477044,1.3304026764467802,0.48731764951899414
1.4375,0.84427373545641,1.3335753140893387,0.4833213897739119
1.4416666666666667,0.8498434101832557,1.3367219344429497,0.4793056711578032
1.4458333333333333,0.8554260868950156,1.3398424108223872,0.47527071246473174
1.45,0.8610216561365442,1.3429366179668636,0.4712167345826499
1.4541666666666666,0.8666300079367678,1.346004432053663,0.4671439604803984
1.4583333333333333,0.8722510318147332,1.3490457307116879,0.4630526151934191
1.4625,0.877884616785712,1.3520603930349135,0.4589429258091773
1.4666666666666666,0.8835306513673609,1.3550482995957478,0.4548151214508689
1.4708333333333332,0.8891890235859371,1.3580093324582843,0.4506694332606971
1.475,0.8948596209825681,1.3609433751914475,0.44650609438209354
1.4791666666666667,0.9005423306195766,1.3638503128820207,0.4423253399407949
1.4833333333333334,0.906237039086858,1.3667300321475526,0.43812740702525854
1.4875,0.9119436325083128,1.3695824211491348,0.4339125346658754
1.4916666666666667,0.9176619965483296,1.3724073696040444,0.4296809638133361
1.4958333333333333,0.9233920164183222,1.3752047687982467,0.42543293731601306
1.5,0.929133576883317,1.3779745115987492,0.42116869989648187
1.5041666666666667,0.9348865622685911,1.3807164924658035,0.4168884981268235
1.5083333333333333,0.9406508564663617,1.383430607464947,0.4125925804034001
1.5125,0.9464263429425237,1.3861167542788786,0.40828119692033127
1.5166666666666666,0.9522129047434369,1.3887748322191642,0.4039545996421303
1.5208333333333333,0.9580104245027609,1.3914047422377613,0.3996130422755284
1.525,0.9638187844483374,1.3940063869383628,0.3952567802401532
1.5291666666666666,0.9696378664091188,1.3965796705875475,0.3908860706384658
1.5333333333333332,0.9754675518221426,1.399124499125737,0.38650117222471536
1.5375,0.9813077217395507,1.401640780177949,0.3821023453728829
1.5416666666666667,0.9871582568356522,1.4041284230643423,0.3776898520439591
1.5458333333333334,0.9930190374140294,1.4065873388105496,0.37326395575204785
1.55,0.9988899434146868,1.4090174401577882,0.3688249215298143
1.5541666666666667,1.00477085442124,1.4114186415727463,0.3643730158928822
1.5583333333333333,1.010661649668145,1.4137908592572388,0.3599085068035244
1.5625,1.0165622080479686,1.4161340111576244,0.35543166363333345
1.5666666666666667,1.0224724081186936,1.4184480169739813,0.3509427571251038
1.5708333333333333,1.0283921281110646,1.420732798169034,0.34644205935397565
1.575,1.034321245935968,1.4229882779768284,0.3419298436877103
1.5791666666666666,1.040259639191848,1.4252143814111458,0.3374063847460089
1.5833333333333333,1.0462071851721548,1.4274110352736549,0.33287195835930916
1.5875,1.052163760872829,1.4295781681617932,0.32832684152641356
1.5916666666666666,1.058129242999814,1.4317157104763742,0.32377131237189083
1.5958333333333332,1.064103507976601,1.4338235944289164,0.3192056501021998
1.6,1.070086431951804,1.4359017540486863,0.3146301349615399
1.6041666666666667,1.07607789080676,1.4379501251894555,0.3100450481863941
1.6083333333333334,1.08207776016316,1.4399686455359604,0.3054506719600809
1.6125,1.0880859153907019,1.441957254610066,0.3008472893662173
1.6166666666666667,1.0941022316147713,1.4439158937766283,0.2962351843413007
1.6208333333333333,1.1001265837241423,1.4458445062490457,0.2916146416273211
1.625,1.1061588463787027,1.447743037094504,0.2869859467230249
1.6291666666666667,1.112198894017198,1.4496114332389025,0.28234938583509184
1.6333333333333333,1.1182466008649958,1.451449643471464,0.27770524582839684
1.6375,1.1243018409418668,1.4532576184490187,0.27305381417607677
1.6416666666666666,1.1303644880697834,1.4550353106999647,0.26839537890853116
1.6458333333333333,1.136434415880733,1.4567826746278965,0.26373022856243544
1.65,1.142511497824545,1.4584996665149,0.2590586521288021
1.6541666666666666,1.1485956071767305,1.4601862445245113,0.25438093900097236
1.6583333333333332,1.154686617046332,1.4618423687043363,0.24969737892188704
1.6624999999999999,1.1607844003837833,1.4634680009883254,0.24500826193093417
1.6666666666666667,1.1668888299887779,1.4650631051987046,0.24031387831070994
1.6708333333333334,1.1729997785181427,1.466627647047559,0.2356145185325378
1.675,1.179117118493718,1.4681615941380604,0.23091047320325409
1.6791666666666667,1.1852407223102401,1.4696649159653505,0.22620203300957442
1.6833333333333333,1.191370462243228,1.4711375839170608,0.2214894886640728
1.6875,1.1975062104568674,1.4725795712734808,0.21677313084959593
1.6916666666666667,1.203647839011898,1.4739908532073642,0.21205325016386922
1.6958333333333333,1.2097952198734956,1.4753714067833752,0.20733013706417402
1.7,1.2159482249191504,1.4767212109571741,0.20260408181126444
1.7041666666666666,1.2221067259465428,1.4780402465741374,0.1978753744134032
1.7083333333333333,1.2282705946814083,1.4793284963677145,0.19314430457039578
1.7125,1.2344397027853975,1.480585944957419,0.18841116161720706
1.7166666666666666,1.2406139218639245,1.481812578846454,0.1836762344673808
1.7208333333333332,1.2467931234740035,1.483008386418968,0.1789398115572549
1.7249999999999999,1.252977179132074,1.4841733579369485,0.17420218078873262
1.7291666666666667,1.2591659603218106,1.4853074855367423,0.16946362947355276
1.7333333333333334,1.2653593385019157,1.4864107632252133,0.1647244442762137
1.7375,1.2715571851138971,1.4874831868755285,0.15998491115797542
1.7416666666666667,1.2777593715898246,1.4885247542225806,0.15524531532059704
1.7458333333333333,1.2839657693600663,1.4895354648580421,0.15050594114976157
1.75,1.290176249861004,1.4905153202250532,0.1457670721593285
1.7541666666666667,1.296390684542723,1.4914643236125453,0.1410289909352258
1.7583333333333333,1.302608944876678,1.4923824801492,0.13629197907990864
1.7625,1.3088309023633324,1.4932697967970467,0.13155631715660832
1.7666666666666666,1.3150564285397686,1.494126282344696,0.12682228463417822
1.7708333333333333,1.3212853949872694,1.4949519474002153,0.12209015983223459
1.775,1.3275176733388678,1.495746804383647,0.11736021986624579
1.7791666666666666,1.3337531352868643,1.4965108675191687,0.11263274059325923
1.7833333333333332,1.3399916525903097,1.4972441528269005,0.10790799655785932
1.7874999999999999,1.346233097082453,1.4979466781143602,0.10318626093870265
1.7916666666666667,1.3524773406781512,1.4986184629675707,0.09846780549511358
1.7958333333333334,1.3587242553812422,1.4992595287418193,0.09375290051434604
1.8,1.3649737132918758,1.4998698985520744,0.08904181475939588
1.8041666666666667,1.3712255866138052,1.5004495972630614,0.08433481541696075
1.8083333333333333,1.3774797476616345,1.5009986514790008,0.07963216804652085
1.8125,1.383736068868022,1.501517089533014,0.0749341365291567
1.8166666666666667,1.3899944227908396,1.5020049414761967,0.07024098301763715
1.8208333333333333,1.3962546821202828,1.502462239066366,0.065552967886779
1.825,1.402516719685935,1.5028890157564865,0.06087034968437699
1.8291666666666666,1.4087804084637798,1.5032853066827745,0.05619338508307159
1.8333333333333333,1.4150456215831653,1.5036511486524904,0.05152232883262542
1.8375,1.4213122323337128,1.50398658013142,0.0468574337128711
1.8416666666666666,1.4275801141721756,1.5042916412310496,0.0421989504874265
1.8458333333333332,1.43384914072924,1.504566373695439,0.03754712785864989
1.8499999999999999,1.4401191858162725,1.504810820887803,0.032902212422273536
1.8541666666666667,1.4463901234320091,1.5050250277767951,0.028264448623941618
1.8583333333333334,1.4526618277691863,1.5052090409225103,0.023634078715673468
1.8625,1.458934173221112,1.5053629084622033,0.01901134271394156
1.8666666666666667,1.4652070343881776,1.5054866800957352,0.014396478357987519
1.8708333333333333,1.4714802860843057,1.5055804070707461,0.009789721069065394
1.875,1.4777538033433373,1.5056441421675655,0.005191303911320944
1.8791666666666667,1.4840274614253535,1.5056779396838658,0.000601457552155793
1.8833333333333333,1.4903011358229328,1.5056818554190587,-0.003979589774878889
1.8875,1.496574702267343,1.5056559466584503,-0.008551612307664769
1.8916666666666666,1.5028480367346644,1.5056002721571498,-0.013114386790794796
1.8958333333333333,1.5091210154518466,1.5055148921237513,-0.01766769251144673
1.9,1.5153935149026958,1.50539986820378,-0.022211311332497985
1.9041666666666666,1.5216654118337913,1.5052552634629222,-0.026745027726111203
1.9083333333333332,1.527936583260333,1.5050811423700396,-0.03126862880543335
1.9124999999999999,1.5342069064719164,1.5048775707799746,-0.03578190435571571
1.9166666666666667,1.5404762590382337,1.5046446159161535,-0.0402846468640341
1.9208333333333334,1.5467445188147044,1.5043823463529966,-0.044776651548321666
1.925,1.55301156394803,1.5040908319981396,-0.049257716384888184
1.9291666666666667,1.5592772728816737,1.5037701440744755,-0.05372764213515602
1.9333333333333333,1.5655415243612656,1.5034203551020215,-0.058186232371477686
1.9375,1.5718041974399306,1.5030415388796199,-0.06263329350100832
1.9416666666666667,1.578065171483541,1.5026337704664814,-0.06706863478996716
1.9458333333333333,1.5843243261758893,1.502197126163572,-0.07149206838481703
1.95,1.5905815415237845,1.501731683494861,-0.07590340933426631
1.9541666666666666,1.5968366978620696,1.5012375211884268,-0.08030247560870585
1.9583333333333333,1.6030896758585589,1.5007147191574348,-0.08468908811910048
1.9625,1.6093403565188964,1.5001633584809935,-0.08906307073481123
1.9666666666666666,1.6155886211913335,1.499583521384894,-0.09342425029999823
1.9708333333333332,1.6218343515714262,1.4989752912222432,-0.09777245664882095
1.9749999999999999,1.6280774297066511,1.4983387524539968,-0.10210752261997946
1.9791666666666667,1.6343177380009404,1.4976739906293999,-0.10642928406945451
1.9833333333333334,1.6405551592191334,1.4969810923663418,-0.11073757988244104
1.9875,1.6467895764913485,1.4962601453316353,-0.11503225198418221
1.9916666666666667,1.6530208733172702,1.4955112382212248,-0.11931314534905901
1.9958333333333333,1.6592489335703549,1.494734460740335,-0.12358010800960173
2.0,1.665473641501953,1.4939299035835611,-0.12783299106289903
2.0041666666666664,1.6716948817453485,1.4930976584149174,-0.132071648677357
2.0083333333333333,1.6779125393197145,1.4922378178478415,-0.13629593809694818
2.0125,1.684126499633986,1.4913504754251712,-0.14050571964554415
2.0166666666666666,1.6903366484906488,1.4904357255990932,-0.14470085672843958
2.0208333333333335,1.6965428720894449,1.4894936637110818,-0.14888121583519265
2.025,1.702745057030994,1.4885243859718191,-0.15304666653823773
2.029166666666667,1.7089430903203322,1.487527989441124,-0.15719708149321576
2.033333333333333,1.715136859370365,1.486504572007879,-0.1613323364365673
2.0375,1.72132625200524,1.485454232369974,-0.1654523101819123
2.0416666666666665,1.7275111564636327,1.4843770700142713,-0.16955688461658625
2.0458333333333334,1.7336914614019518,1.4832731851965955,-0.17364594469500005
2.05,1.7398670558974592,1.4821426789217647,-0.17771937843400387
2.0541666666666667,1.7460378294513077,1.4809856529236536,-0.18177707690312772
2.058333333333333,1.7522036719914966,1.479802209645319,-0.18581893421769102
2.0625,1.7583644738757431,1.4785924522191698,-0.1898448475276755
2.0666666666666664,1.764520125894273,1.4773564844472113,-0.1938547170081879
2.0708333333333333,1.7706705192725287,1.4760944107813494,-0.19784844584589045
2.075,1.7768155456737944,1.4748063363037844,-0.20182594022813127
2.0791666666666666,1.7829550972017423,1.473492366707476,-0.20578710932733202
2.0833333333333335,1.7890890664028953,1.4721526082767078,-0.20973186528690135
2.0875,1.7952173462690109,1.4707871678677467,-0.21366012320463668
2.091666666666667,1.8013398302393842,1.4693961528896071,-0.2175718011165504
2.095833333333333,1.8074564122030714,1.467979671284923,-0.22146681997840467
2.1,1.8135669865010335,1.4665378315109383,-0.22534510364671867
2.1041666666666665,1.8196714479282028,1.4650707425206226,-0.22920657885972062
2.1083333333333334,1.825769691735469,1.4635785137439097,-0.23305117521566743
2.1125,1.8318616136315902,1.462061255069077,-0.23687882515173264
2.1166666666666667,1.8379471097850246,1.4605190768242644,-0.24068946392145918
2.120833333333333,1.8440260768256878,1.4589520897591373,-0.2444830295712741
2.125,1.8500984118466324,1.4573604050267042,-0.24825946291584167
2.1291666666666664,1.8561640124056544,1.4557441341652946,-0.25201870751374145
2.1333333333333333,1.862222776526824,1.4541033890806947,-0.2557607096409491
2.1375,1.8682746027019426,1.4524382820284563,-0.2594854182640596
2.1416666666666666,1.8743193898919275,1.4507489255963792,-0.2631927850133895
2.1458333333333335,1.880357037528124,1.4490354326871702,-0.2668827641536087
2.15,1.886387445513546,1.4472979165012911,-0.2705553125561728
2.154166666666667,1.892410514224046,1.445536490519989,-0.27421038966811295
2.158333333333333,1.8984261445094148,1.4437512684885268,-0.27784795748263846
2.1625,1.9044342376944132,1.4419423643996077,-0.2814679805075393
2.1666666666666665,1.910434695579734,1.4401098924770033,-0.28507042573316355
2.1708333333333334,1.9164274204428982,1.438253967159392,-0.2886552626003951
2.175,1.9224123150390833,1.436374703084404,-0.2922224629676986
2.1791666666666667,1.928389282601887,1.434472215072883,-0.2957720010766405
2.183333333333333,1.934358226844026,1.4325466181133706,-0.2993038535185626
2.1875,1.9403190519579712,1.4305980273468077,-0.30281799919884733
2.1916666666666664,1.9462716626165188,1.4286265580514708,-0.3063144193024385
2.1958333333333333,1.9522159639733028,1.4266323256281292,-0.30979309725729465
2.2,1.958151861663242,1.4246154455854438,-0.3132540186980979
2.2041666666666666,1.9640792618029321,1.422576033525599,-0.3166971714299489
2.2083333333333335,1.9699980709909746,1.4205142051301731,-0.3201225453898413
2.2125,1.9759081963082505,1.418430076146259,-0.3235301326102302
2.216666666666667,1.9818095453181372,1.4163237623728213,-0.3269199271799508
2.220833333333333,1.9877020260666678,1.4141953796473088,-0.33029192520583806
2.225,1.9935855470826367,1.4120450438325165,-0.33364612477419797
2.2291666666666665,1.999460017377652,1.409872870803698,-0.33698252591062605
2.2333333333333334,2.005325346446135,1.4076789764359408,-0.34030113054139477
2.2375,2.0111814442652673,1.4054634765917908,-0.3436019424526435
2.2416666666666667,2.017028221294889,1.4032264871091455,-0.3468849672506362
2.245833333333333,2.0228655884773445,1.4009681237894027,-0.3501502123211022
2.25,2.028693457237286,1.3986885023858762,-0.35339768678838546
2.2541666666666664,2.034511739481421,1.3963877385924766,-0.35662740147454386
2.2583333333333333,2.040320347598224,1.3940659480326585,-0.35983936885800283
2.2625,2.046119194457593,1.3917232462486369,-0.3630336030328216
2.2666666666666666,2.0519081934104717,1.3893597486908686,-0.36621011966610517
2.2708333333333335,2.057687258288421,1.386975570707811,-0.36936893595704845
2.275,2.063456303403154,1.3845708275359483,-0.3725100705948208
2.279166666666667,2.0692152435460294,1.3821456342900895,-0.375633543716658
2.283333333333333,2.074963993987504,1.3797001059539429,-0.3787393768660756
2.2875,2.0807024704765498,1.3772343573709591,-0.38182759295042246
2.2916666666666665,2.086430589240031,1.374748503235453,-0.3848982161987031
2.2958333333333334,2.0921482669820475,1.372242658083998,-0.38795127211987435
2.3,2.097855420883244,1.3697169362870945,-0.3909867874601449
2.3041666666666667,2.103551968600082,1.3671714520411136,-0.3940047901609951
2.308333333333333,2.1092378282640842,1.3646063193605162,-0.39700530931684774
2.3125,2.114912918481044,1.3620216520703465,-0.3999883751332458
2.3166666666666664,2.1205771583302067,1.359417563798998,-0.40295401888455373
2.3208333333333333,2.12623046736342,1.3567941679712556,-0.40590227287182756
2.325,2.13187276560426,1.354151577801611,-0.4088331703812713
2.3291666666666666,2.137503973547126,1.3514899062878492,-0.4117467456419046
2.3333333333333335,2.143124012156313,1.3488092662049098,-0.41464303378426415
2.3375,2.148732802865059,1.3461097700990186,-0.4175220707990235
2.341666666666667,2.1543302675745677,1.3433915302820871,-0.42038389349500704
2.345833333333333,2.159916328653011,1.3406546588263868,-0.4232285394580817
2.35,2.1654909089345087,1.3378992675594892,-0.4260560470108814
2.3541666666666665,2.17105393171809,1.33512546805947,-0.42886645517090294
2.3583333333333334,2.176605320766633,1.332333371650385,-0.4316598036103674
2.3625,2.1821450003057916,1.3295230893980072,-0.4344361326160051
2.3666666666666667,2.1876728950228994,1.3266947321058273,-0.43719548304843414
2.370833333333333,2.193188930065863,1.323848410311316,-0.43993789630264324
2.375,2.19869303104204,1.3209842342824456,-0.44266341426794487
2.3791666666666664,2.2041851240171004,1.3181023140144723,-0.4453720792887692
2.3833333333333333,2.2096651355138794,1.3152027592269724,-0.44806393412618384
2.3875,2.2151329925112173,1.31228567936113,-0.450739021917534
2.3916666666666666,2.2205886224427895,1.3093511835772875,-0.4533973861399785
2.3958333333333335,2.226031953195926,1.3063993807527332,-0.45603907057103044
2.4,2.231462913110425,1.3034303794797462,-0.4586641192506411
2.404166666666667,2.236881430977358,1.3004442880638867,-0.4612725764444088
2.408333333333333,2.2422874360378686,1.2974412145225283,-0.46386448660656576
2.4125,2.247680857981967,1.2944212665836292,-0.466439894342745
2.4166666666666665,2.2530616269473205,1.2913845516847466,-0.46899884437355777
2.4208333333333334,2.2584296735180382,1.2883311769722883,-0.4715413814985139
2.425,2.2637849287234593,1.2852612493009987,-0.4740675505619478
2.4291666666666667,2.269127324036933,1.2821748752336675,-0.47657739641525687
2.433333333333333,2.2744567913746043,1.279072161041083,-0.4790709638843955
2.4375,2.2797732630941967,1.2759532127021984,-0.48154829773442565
2.4416666666666664,2.285076671993799,1.2728181359045283,-0.4840094426354833
2.4458333333333333,2.290366951310652,1.269667036044766,-0.48645444312995867
2.45,2.2956440347199423,1.2665000182296156,-0.4888833435986806
2.4541666666666666,2.3009078563335956,1.2633171872768438,-0.49129618822934074
2.4583333333333335,2.3061583506990813,1.2601186477165378,-0.49369302098278656
2.4625,2.3113954527982172,1.256904503792581,-0.4960738855630016
2.466666666666667,2.3166190980459853,1.2536748594643263,-0.49843882538451023
2.470833333333333,2.321829222289354,1.2504298184084803,-0.5007878835424862
2.475,2.327025761806109,1.2471694840211822,-0.5031211027815816
2.4791666666666665,2.332208653303694,1.243893959420286,-0.505438525467139
2.4833333333333334,2.33737783391806,1.2406033474478302,-0.5077401935552235
2.4875,2.3425332412125295,1.2372977506727016,-0.5100261485634912
2.4916666666666667,2.347674813176669,1.2339772713934907,-0.5122964315434535
2.495833333333333,2.3528024882251755,1.2306420116415253,-0.5145510830525719
2.5,2.357916205196776,1.2272920731840877,-0.5167901431259798
2.5041666666666664,2.363015903353142,1.223927557527815,-0.5190136512507655
2.5083333333333333,2.368101522377818,1.2205485659222675,-0.5212216463384651
2.5125,2.3731730023751667,1.2171551993636749,-0.5234141667003183
2.5166666666666666,2.3782302838693288,1.2137475585988455,-0.5255912500206765
2.5208333333333335,2.3832733078032007,1.2103257441292468,-0.5277529333330433
2.525,2.388302015537431,1.206889856215243,-0.529899252995711
2.529166666666667,2.393316348849433,1.203439994880491,-0.5320302446665739
2.533333333333333,2.398316249932418,1.1999762599165003,-0.5341459432820663
2.5375,2.403301661394449,1.1964987508873295,-0.5362463830314237
2.5416666666666665,2.4082725262575093,1.1930075671344518,-0.5383315973374501
2.5458333333333334,2.4132287879566,1.1895028077817438,-0.5404016188317371
2.55,2.4181703903388527,1.1859845717406372,-0.5424564793355255
2.5541666666666667,2.423097277662667,1.1824529577153944,-0.5444962098382664
2.558333333333333,2.4280093945968693,1.178908064208524,-0.5465208404762958
2.5625,2.4329066862198956,1.1753499895263342,-0.5485304005146565
2.5666666666666664,2.4377890980189982,1.1717788317846063,-0.5505249183263343
2.5708333333333333,2.4426565758894747,1.1681946889144015,-0.552504421374663
2.575,2.4475090661339247,1.1645976586679834,-0.554468936194219
2.5791666666666666,2.4523465154615285,1.1609878386248649,-0.5564184883736152
2.5833333333333335,2.457168870987353,1.1573653261979662,-0.558353102537378
2.5875,2.461976080231686,1.1537302186398921,-0.5602728023300116
2.591666666666667,2.4667680911193917,1.150082613049312,-0.5621776103997362
2.595833333333333,2.4715448519792975,1.1464226063774456,-0.5640675483818551
2.6,2.476306311543609,1.1427502954346584,-0.5659426368843832
2.6041666666666665,2.481052418947347,1.1390657768971493,-0.5678028954720435
2.6083333333333334,2.485783123727821,1.1353691473137424,-0.569648342653533
2.6125,2.490498375824124,1.131660503112763,-0.5714789958663555
2.6166666666666667,2.4951981255766613,1.1279399406090105,-0.5732948714644674
2.620833333333333,2.4998823237267063,1.1242075560108142,-0.5750959847040402
2.625,2.5045509214159862,1.1204634454271791,-0.5768823497327844
2.6291666666666664,2.509203870186299,1.1167077048750027,-0.5786539795761252
2.6333333333333333,2.513841121979159,1.1129404302863817,-0.5804108861276562
2.6375,2.5184626291354757,1.1091617175159805,-0.5821530801363473
2.6416666666666666,2.523068344395261,1.1053716623484835,-0.5838805711976232
2.6458333333333335,2.52765822089737,1.1015703605061051,-0.5855933677418204
2.65,2.5322322121792706,1.0977579076561743,-0.587291477025321
2.654166666666667,2.536790272176849,1.0939343994187785,-0.588974905121149
2.658333333333333,2.5413323552242426,1.0900999313744668,-0.5906436569109035
2.6625,2.545858416053709,1.0862545990720076,-0.5922977360745962
2.6666666666666665,2.5503684097955266,1.0823984980362105,-0.5939371450856168
2.6708333333333334,2.554862291977926,1.0785317237757825,-0.5955618851999009
2.675,2.559340018527056,1.074654371791254,-0.5971719564520761
2.6791666666666667,2.5638015457669847,1.0707665375829298,-0.5987673576466914
2.683333333333333,2.56824683041973,1.0668683166588977,-0.6003480863531703
2.6875,2.572675829605326,1.0629598045430693,-0.6019141388990814
2.6916666666666664,2.577088500841923,1.0590410967832655,-0.6034655103659698
2.6958333333333333,2.58148480204592,1.0551122889593285,-0.6050021945838351
2.7,2.5858646915321337,1.0511734766912695,-0.6065241841255293
2.7041666666666666,2.5902281280139983,1.0472247556474534,-0.6080314703043932
2.7083333333333335,2.5945750706038018,1.0432662215527988,-0.6095240431698921
2.7125,2.5989054788129557,1.0392979701970066,-0.611001891502756
2.716666666666667,2.6032193125523007,1.0353200974428196,-0.612465002814016
2.720833333333333,2.6075165321324434,1.031332699234289,-0.6139133633414318
2.725,2.611797098264131,1.0273358716050638,-0.6153469580467066
2.7291666666666665,2.616060972058659,1.023329710686698,-0.6167657706144851
2.7333333333333334,2.620308115028313,1.0193143127169662,-0.6181697834507531
2.7375,2.6245384890868473,1.0152897740481863,-0.6195589776799242
2.7416666666666667,2.6287520565499953,1.0112561911555649,-0.6209333331466445
2.745833333333333,2.6329487801360183,1.0072136606455273,-0.6222928284132987
2.75,2.6371286229662854,1.003162279264067,-0.6236374407602367
2.7541666666666664,2.64129154856589,0.999102143905092,-0.6249671461864716
2.7583333333333333,2.6454375208643013,0.9950333516187658,-0.6262819194095988
2.7625,2.6495665041960508,0.9909559996198513,-0.6275817338664016
2.7666666666666666,2.653678463301451,0.9868701852960484,-0.6288665617150899
2.7708333333333335,2.6577733633273524,0.982776006216319,-0.6301363738350148
2.775,2.6618511698279326,0.9786735601392119,-0.6313911398293488
2.779166666666667,2.665911848765521,0.974562945021172,-0.6326308280276445
2.783333333333333,2.6699553665114575,0.9704442590248317,-0.6338554054865666
2.7875,2.673981689846988,0.9663176005272978,-0.6350648379945669
2.7916666666666665,2.6779907859641896,0.9621830681284086,-0.6362590900720795
2.7958333333333334,2.6819826224669354,0.9580407606589888,-0.6374381249774164
2.8,2.68595716737189,0.9538907771890666,-0.6386019047084073
2.8041666666666667,2.68991438910954,0.9497332170360797,-0.639750390006232
2.808333333333333,2.693854256525261,0.9455681797730571,-0.6408835403615409
2.8125,2.6977767388804144,0.94139576523676,-0.6420013140144567
2.8166666666666664,2.70168180585348,0.9372160735358239,-0.6431036679636213
2.8208333333333333,2.705569427541225,0.9330292050588405,-0.6441905579665121
2.825,2.709439574459902,0.9288352604824383,-0.6452619385500276
2.8291666666666666,2.713292217546482,0.9246343407792945,-0.6463177630086596
2.8333333333333335,2.7171273281599246,0.9204265472261585,-0.6473579834158816
2.8375,2.7209448780824737,0.9162119814118007,-0.648382550626887
2.841666666666667,2.7247448395209943,0.9119907452449446,-0.6493914142850841
2.845833333333333,2.728527185108337,0.9077629409621556,-0.6503845228282721
2.85,2.7322918879047355,0.9035286711356901,-0.6513618234946406
2.8541666666666665,2.736038921399241,0.8992880386813057,-0.652323262329841
2.8583333333333334,2.739768259511183,0.8950411468660248,-0.6532687841930502
2.8625,2.7434798765916657,0.8907880993158591,-0.6541983327645347
2.8666666666666667,2.747173747425097,0.8865290000234851,-0.6551118505524589
2.870833333333333,2.7508498472307465,0.8822639533558745,-0.6560092788999632
2.875,2.7545081516643375,0.8779930640618792,-0.6568905579926398
2.8791666666666664,2.7581486368196697,0.8737164372797674,-0.6577556268669396
2.8833333333333333,2.7617712792302727,0.8694341785447053,-0.6586044234174042
2.8875,2.7653760558710903,0.8651463937961906,-0.6594368844044163
2.8916666666666666,2.7689629441601964,0.8608531893854373,-0.6602529454634314
2.8958333333333335,2.772531921960541,0.8565546720826986,-0.6610525411118289
2.9,2.776082967581727,0.8522509490845467,-0.661835604758561
2.904166666666667,2.779616059781815,0.8479421280210884,-0.6626020687120975
2.908333333333333,2.783131177769161,0.8436283169631305,-0.6633518641903944
2.9125,2.786628301204283,0.8393096244292789,-0.6640849213281457
2.9166666666666665,2.790107410201754,0.8349861593929916,-0.6648011691875753
2.9208333333333334,2.793568485332127,0.8306580312895601,-0.6655005357651982
2.925,2.7970115076238895,0.8263253500230484,-0.6661829480054484
2.9291666666666667,2.800436458565444,0.8219882259731421,-0.6668483318042862
2.933333333333333,2.803843320107119,0.8176467700019746,-0.6674966120249284
2.9375,2.807232074663206,0.8133010934608503,-0.6681277125026321
2.9416666666666664,2.8106027051140265,0.8089513081969376,-0.6687415560575807
2.9458333333333333,2.813955194808026,0.8045975265598769,-0.669338064503572
2.95,2.817289527563894,0.800239861408333,-0.6699171586580821
2.9541666666666666,2.8206056876727126,0.7958784261164812,-0.6704787583526959
2.9583333333333335,2.823903659900131,0.7915133345804262,-0.671022782443822
2.9625,2.8271834294885667,0.7871447012245506,-0.6715491488216845
2.966666666666667,2.8304449821594324,0.7827726410078055,-0.6720577744219836
2.970833333333333,2.8336883041153906,0.7783972694299245,-0.6725485752368439
2.975,2.8369133820426304,0.7740187025375668,-0.6730214663232301
2.9791666666666665,2.8401202031131736,0.7696370569304057,-0.6734763618164994
2.9833333333333334,2.8433087549872034,0.7652524497671287,-0.6739131749386797
2.9875,2.8464790258154173,0.7608649987713831,-0.6743318180112494
2.9916666666666667,2.8496310042414077,0.7564748222376396,-0.6747322024642917
2.995833333333333,2.852764679404062,0.7520820390369952,-0.6751142388496532
3.0,2.8558800409399905,0.7476867686228912,-0.6754778368496268
3.0041666666666664,2.858977078985977,0.743289131036774,-0.6758229052903433
3.0083333333333333,2.8620557841814507,0.7388892469136693,-0.6761493521505209
3.0125,2.8651161476709825,0.7344872374876992,-0.6764570845750093
3.0166666666666666,2.8681581611068054,0.7300832245975107,-0.6767460088851958
3.0208333333333335,2.871181816651354,0.7256773306916372,-0.6770160305894475
3.025,2.874187106979828,0.7212696788337911,-0.6772670543951174
3.029166666666667,2.8771740252827787,0.7168603927080793,-0.6774989842215273
3.033333333333333,2.8801425652687125,0.712449596624133,-0.6777117232080858
3.0375,2.8830927211667214,0.7080374155221857,-0.6779051737289779
3.0416666666666665,2.88602448772913,0.7036239749780548,-0.678079237402871
3.0458333333333334,2.8889378602341633,0.699209401208061,-0.6782338151052669
3.05,2.8918328344886377,0.6947938210738653,-0.6783688069790825
3.0541666666666667,2.894709406830668,0.6903773620872401,-0.6784841124479404
3.058333333333333,2.8975675741323963,0.6859601524147506,-0.6785796302261979
3.0625,2.9004073338027396,0.6815423208823733,-0.6786552583311485
3.0666666666666664,2.9032286837901564,0.677123996980034,-0.6787108940942619
3.0708333333333333,2.9060316225854317,0.6727053108660725,-0.6787464341749083
3.075,2.90881614922448,0.6682863933716187,-0.6787617745679904
3.0791666666666666,2.911582263291167,0.6638673760049181,-0.6787568106200834
3.0833333333333335,2.9143299649201486,0.659448390955553,-0.6787314370381159
3.0875,2.9170592547997263,0.6550295710986067,-0.6786855479025586
3.091666666666667,2.919770134174721,0.6506110499987422,-0.6786190366773068
3.095833333333333,2.9224626048493634,0.646192961914216,-0.6785317962241932
3.1,2.9251366691902,0.6417754418007983,-0.6784237188120463
3.1041666666666665,2.927792330129015,0.6373586253156328,-0.6782946961296479
3.1083333333333334,2.9304295911657694,0.6329426488210143,-0.6781446192968237
3.1125,2.9330484563715533,0.6285276493880916,-0.6779733788764903
3.1166666666666667,2.9356489303915554,0.6241137648004942,-0.6777808648871302
3.120833333333333,2.9382310184480467,0.6197011335578761,-0.677566966811145
3.125,2.9407947263433774,0.6152898948794063,-0.6773315736108758
3.1291666666666664,2.9433400604629907,0.6108801887071544,-0.6770745737371424
3.1333333333333333,2.9458670277784464,0.6064721557094209,-0.6767958551408535
3.1375,2.948375635850463,0.6020659372839918,-0.6764953052868403
3.1416666666666666,2.950865892831968,0.5976616755613032,-0.6761728111621048
3.1458333333333335,2.9533378074711663,0.5932595134075522,-0.6758282592901239
3.15,2.9557913891146153,0.5888595944277144,-0.6754615357401756
3.154166666666667,2.958226647710317,0.5844620629685012,-0.6750725261400503
3.158333333333333,2.9606435938108224,0.5800670641212341,-0.6746611156867846
3.1625,2.963042238576342,0.5756747437246487,-0.6742271891576823
3.1666666666666665,2.9654225937778738,0.5712852483676276,-0.6737706309219953
3.1708333333333334,2.96778467180034,0.5668987253918573,-0.6732913249530503
3.175,2.9701284856457333,0.5625153228944051,-0.6727891548366123
3.1791666666666667,2.972454048936276,0.5581351897302429,-0.672264003785545
3.183333333333333,2.974761375917587,0.5537584755146747,-0.6717157546472623
3.1875,2.977050481461861,0.5493853306257158,-0.6711442899183404
3.1916666666666664,2.979321381071054,0.5450159062063771,-0.6705494917524533
3.1958333333333333,2.9815740908800827,0.5406503541668971,-0.6699312419726051
3.2,2.983808627660028,0.5362888271868952,-0.6692894220823289
3.2041666666666666,2.986025008821351,0.5319314787174514,-0.6686239132758913
3.2083333333333335,2.988223252417114,0.5275784629831195,-0.6679345964477135
3.2125,2.9904033771462135,0.5232299349838797,-0.6672213522063319
3.216666666666667,2.9925654023566177,0.5188860504969994,-0.6664840608823874
3.220833333333333,2.994709348048613,0.5145469660788426,-0.6657226025380545
3.225,2.996835234878057,0.5102128390666179,-0.6649368569816263
3.2291666666666665,2.9989430841596403,0.5058838275800307,-0.6641267037736143
3.2333333333333334,3.0010329178701523,0.5015600905228973,-0.6632920222397183
3.2375,3.003104758651755,0.497241787584673,-0.6624326914793193
3.2416666666666667,3.0051586298152633,0.49292907924192575,-0.6615485903776324
3.245833333333333,3.0071945553434287,0.4886221267597302,-0.6606395976135313
3.25,3.009212559894233,0.48432109219301145,-0.6597055916712695
3.2541666666666664,3.0112126688041823,0.48002613838781183,-0.6587464508494443
3.2583333333333333,3.0131949080916094,0.4757374289824997,-0.6577620532710295
3.2624999999999997,3.01515930445998,0.4714551284089129,-0.6567522768935423
3.2666666666666666,3.0171058853012025,0.4671794018934357,-0.6557169995168852
3.2708333333333335,3.019034678698944,0.4629104154580252,-0.654656098796685
3.275,3.020945713431949,0.45864833592115045,-0.6535694522495208
3.279166666666667,3.02283901897736,0.4543933308986979,-0.652456937265733
3.283333333333333,3.0247146255140467,0.45014556880479295,-0.6513184311156623
3.2875,3.0265725639259324,0.44590521885258155,-0.650153810961807
3.2916666666666665,3.028412865805328,0.4416724510549321,-0.6489629538652741
3.2958333333333334,3.030235563456266,0.43744743622509547,-0.6477457367979556
3.3,3.032040689897838,0.4332303459772861,-0.6465020366471206
3.3041666666666667,3.0338282788675346,0.42902135272723274,-0.6452317302285671
3.308333333333333,3.0355983648245872,0.42482062969264367,-0.6439346942931978
3.3125,3.0373509829533107,0.42062835089362943,-0.6426108055352902
3.3166666666666664,3.0390861691664486,0.4164446911530713,-0.6412599406025328
3.3208333333333333,3.0408039601085193,0.4122698260969247,-0.6398819761025506
3.3249999999999997,3.042504393159163,0.40810393215447993,-0.6384767886136243
3.3291666666666666,3.0441875064364905,0.40394718655855333,-0.6370442546904117
3.3333333333333335,3.0458533388004305,0.399799767345641,-0.6355842508730215
3.3375,3.0475019298560806,0.3956618533560135,-0.6340966536977977
3.341666666666667,3.0491333199570545,0.3915336242337405,-0.632581339699425
3.345833333333333,3.0507475502088326,0.3874152604267013,-0.6310381854233205
3.35,3.05234466247211,0.38330694318651537,-0.6294670674322941
3.3541666666666665,3.053924699366145,0.3792088545684287,-0.6278678623135002
3.3583333333333334,3.055487704272108,0.37512117743115553,-0.6262404466867032
3.3625,3.0570337213364276,0.37104409543666605,-0.6245846972098608
3.3666666666666667,3.0585627954741357,0.36697779304993766,-0.622900490589165
3.370833333333333,3.060074972372213,0.36292245553864105,-0.6211877035834125
3.375,3.061570298492933,0.35887826897279756,-0.6194462130131307
3.3791666666666664,3.0630488210772016,0.35484542022437743,-0.6176758957668362
3.3833333333333333,3.064510588147897,0.3508240969668571,-0.6158766288072133
3.3874999999999997,3.0659556485132082,0.3468144876747365,-0.6140482891770505
3.3916666666666666,3.0673840517699706,0.3428167816230172,-0.6121907540097428
3.3958333333333335,3.068795848306998,0.33883116888661285,-0.6103039005304354
3.4,3.070191089308414,0.33485784033975174,-0.6083876060651371
3.404166666666667,3.0715698267569778,0.33089698765532005,-0.6064417480482821
3.408333333333333,3.0729321134374117,0.3269488033041561,-0.604466204026347
3.4125,3.0742780029397214,0.3230134805543208,-0.6024608516632376
3.4166666666666665,3.0756075496625144,0.31909121347033315,-0.6004255687496707
3.4208333333333334,3.076920808816316,0.3151821969123447,-0.5983602332054972
3.425,3.0782178364268797,0.3112866265352989,-0.5962647230874945
3.4291666666666667,3.0794986893384966,0.30740469878803944,-0.5941389165929496
3.433333333333333,3.0807634252172984,0.30353661091239564,-0.5919826920675035
3.4375,3.0820121025545575,0.29968256094221657,-0.5897959280061184
3.4416666666666664,3.0832447806699843,0.2958427477023989,-0.5875785030644537
3.4458333333333333,3.084461519715017,0.2920173708078406,-0.5853302960584306
3.4499999999999997,3.0856623806761103,0.2882066306623979,-0.5830511859711732
3.4541666666666666,3.086847425378018,0.2844107284577962,-0.5807410519575282
3.4583333333333335,3.0880167164870698,0.28062986617251257,-0.5783997733503565
3.4625,3.0891703175144474,0.2768642465706166,-0.5760272296622388
3.466666666666667,3.09030829281945,0.2731140732006003,-0.5736233005902109
3.470833333333333,3.091430707612759,0.2693795503941774,-0.5711878660232628
3.475,3.0925376279596968,0.26566088326503334,-0.5687208060426084
3.4791666666666665,3.0936291207834783,0.26195827770757424,-0.5662220009271057
3.4833333333333334,3.0947052538684603,0.2582719403956398,-0.5636913311589495
3.4875,3.095766095863382,0.2546020787811796,-0.5611286774237598
3.4916666666666667,3.0968117162846025,0.2509489010929287,-0.5585339206177711
3.495833333333333,3.097842185519332,0.24731261633503673,-0.5559069418479989
3.5,3.098857574828856,0.24369343428569512,-0.5532476224406966
3.5041666666666664,3.0998579563517548,0.24009156549571015,-0.5505558439385666
3.5083333333333333,3.1008434031071177,0.23650722128709364,-0.5478314881068214
3.5124999999999997,3.1018139889977494,0.23294061375161437,-0.5450744369372238
3.5166666666666666,3.1027697888133714,0.22939195574932308,-0.542284572651217
3.5208333333333335,3.1037108782338176,0.2258614609070572,-0.5394617776977626
3.525,3.1046373338322217,0.22234934361695957,-0.536605934762686
3.529166666666667,3.1055492330782006,0.21885581903493645,-0.5337169267673181
3.533333333333333,3.1064466543410303,0.21538110307912417,-0.5307946368720813
3.5375,3.107329676892815,0.21192541242833265,-0.527838948476695
3.5416666666666665,3.1081983809116505,0.2084889645204874,-0.5248497452277396
3.5458333333333334,3.10905284748478,0.2050719775510224,-0.5218269110129561
3.55,3.1098931586117438,0.20167467047131002,-0.518770329971331
3.5541666666666667,3.110719397207523,0.1982972629870253,-0.5156798864889998
3.558333333333333,3.111531647105675,0.19493997555653694,-0.5125554652009743
3.5625,3.1123299930614636,0.19160302938928703,-0.5093969509996834
3.5666666666666664,3.113114520754981,0.18828664644411508,-0.50620422902712
3.5708333333333333,3.1138853167942626,0.18499104942763334,-0.5029771846822977
3.5749999999999997,3.1146424687183982,0.1817164617925534,-0.49971570362123524
3.5791666666666666,3.1153860650006315,0.17846310773601312,-0.49641967175696994
3.5833333333333335,3.116116195051456,0.1752312121979032,-0.4930889752609837
3.5875,3.1168329492217026,0.17202100085918465,-0.4897235005645277
3.591666666666667,3.1175364188056203,0.16883270014019758,-0.4863231343606723
3.595833333333333,3.118226696043949,0.1656665371989567,-0.4828877636014992
3.6,3.1189038741269886,0.16252273992946492,-0.47941727550230007
3.6041666666666665,3.1195680471976552,0.15940153695999992,-0.4759115575407159
3.6083333333333334,3.120219310354536,0.156303157651406,-0.472370497455348
3.6125,3.1208577596549336,0.1532278320953952,-0.468793983249275
3.6166666666666667,3.1214834921179038,0.15017579111282542,-0.4651819031876375
3.620833333333333,3.122096605727287,0.1471472662519943,-0.46153414580015073
3.625,3.1226971994347323,0.14414248978691674,-0.4578505998775235
3.6291666666666664,3.123285373162714,0.14116169471562565,-0.45413115447486535
3.6333333333333333,3.123861227807541,0.1382051147584507,-0.450375698909408
3.6374999999999997,3.124424865242359,0.13527298435631174,-0.4465841227605727
3.6416666666666666,3.1249763883201465,0.13236553866901185,-0.44275631586986497
3.6458333333333335,3.125515900876703,0.12948301357353106,-0.43889216834141764
3.65,3.1260435077336295,0.12662564566231654,-0.4349915705369055
3.654166666666667,3.1265593147013027,0.12379367224160588,-0.43105441308132364
3.658333333333333,3.127063428581843,0.1209873313297128,-0.4270805868587235
3.6625,3.1275559571720737,0.11820686165534057,-0.42306998300783527
3.6666666666666665,3.1280370092664733,0.11545250265592394,-0.41902249292932336
3.6708333333333334,3.128506694660123,0.11272449447592385,-0.41493800827767324
3.675,3.1289651241516445,0.11002307796517495,-0.4108164209627524
3.6791666666666667,3.129412409546133,0.10734849467722296,-0.4066576231499204
3.683333333333333,3.1298486636580813,0.1047009868676613,-0.402461507254749
3.6875,3.1302740003143,0.10208079749250212,-0.3982279659445613
3.6916666666666664,3.1306885343568274,0.0994881702065373,-0.39395689213820023
3.6958333333333333,3.1310923816458343,0.09692334936170094,-0.38964817900131965
3.6999999999999997,3.1314856590625237,0.09438658000546252,-0.38530171994674833
3.7041666666666666,3.1318684845120206,0.09187810787921767,-0.3809174086311384
3.7083333333333335,3.1322409769262567,0.08939817941670085,-0.37649513895511877
3.7125,3.13260325626685,0.08694704174239687,-0.3720348050612988
3.716666666666667,3.1329554435279747,0.08452494266996557,-0.3675363013295489
3.720833333333333,3.1332976607392276,0.08213213070069712,-0.3629995223800866
3.725,3.1336300309684857,0.07976885502194726,-0.3584243630654351
3.7291666666666665,3.1339526783247593,0.07743536550562492,-0.35381071847308326
3.7333333333333334,3.134265727961037,0.07513191270666245,-0.3491584839232832
3.7375,3.1345693060771262,0.07285874786150029,-0.34446755496260706
3.7416666666666667,3.1348635399224873,0.0706161228866135,-0.3397378273647144
3.745833333333333,3.135148557799058,0.06840429037703333,-0.3349691971282611
3.75,3.1354244890640786,0.06622350360488244,-0.33016156047572415
3.7541666666666664,3.1356914641329032,0.06407401651791766,-0.32531481384649
3.7583333333333333,3.135949614481812,0.06195608373811789,-0.3204288538977611
3.7624999999999997,3.1361990726508133,0.059869960560265986,-0.315503577503028
3.7666666666666666,3.1364399722464404,0.057815902950540655,-0.31053888174519473
3.7708333333333335,3.1366724479445454,0.055794167545153095,-0.3055346639203227
3.775,3.1368966354930827,0.05380501164895922,-0.30049082152869244
3.779166666666667,3.1371126717148914,0.05184869323413015,-0.29540725227479003
3.783333333333333,3.13732069451047,0.04992547093882271,-0.29028385406752505
3.7875,3.137520842860744,0.048035604065848586,-0.285120525013007
3.7916666666666665,3.137713256829833,0.04617935258139045,-0.27991716341174655
3.7958333333333334,3.137898077567807,0.04435697711373634,-0.2746736677609618
3.8,3.1380754473134407,0.042568738951998995,-0.2693899367467525
3.8041666666666667,3.138245509396961,0.040814900044886186,-0.264065869242388
3.808333333333333,3.138408408242792,0.03909572299948214,-0.2587013643071839
3.8125,3.138564289372292,0.03741147108003633,-0.25329632118301426
3.8166666666666664,3.138713299406487,0.03576240820677491,-0.24785063928972637
3.8208333333333333,3.1388555860687983,0.03414879895474206,-0.24236421822424756
3.8249999999999997,3.1389912981877677,0.03257090855264712,-0.23683695775662014
3.8291666666666666,3.139120585699775,0.03102900288173753,-0.23126875782761586
3.8333333333333335,3.1392435996517527,0.02952334847468733,-0.225659518545315
3.8375,3.1393604922038967,0.028054212514507893,-0.22000914018342035
3.841666666666667,3.1394714166323694,0.026621862833469668,-0.2143175231764285
3.845833333333333,3.139576527332003,0.02522656791205534,-0.20858456811868126
3.85,3.1396759798189944,0.02386859687791917,-0.20281017575788096
3.8541666666666665,3.139769930733598,0.022548219504888563,-0.196994246998254
3.8583333333333334,3.1398585378428145,0.021265706211945026,-0.1911366828929001
3.8625,3.139941960043074,0.02002132806225495,-0.18523738464094136
3.8666666666666667,3.1400203573629164,0.018815356762218925,-0.17929625358752596
3.870833333333333,3.1400938909656686,0.017648064660521077,-0.1733131912168798
3.875,3.140162723152115,0.01651972474722359,-0.16728809915365858
3.8791666666666664,3.1402270173631686,0.015430610652852474,-0.16122087915870817
3.8833333333333333,3.140286938182533,0.01438099664751089,-0.15511143312391912
3.8874999999999997,3.1403426513393664,0.013371157640026008,-0.14895966307182185
3.8916666666666666,3.1403943237109377,0.012401369177098484,-0.1427654711531559
3.8958333333333335,3.1404421233252813,0.011471907442467765,-0.13652875964210132
3.9,3.1404862193638485,0.010583049256108446,-0.13024943093440353
3.904166666666667,3.1405267821641547,0.009735072073438822,-0.12392738754583577
3.908333333333333,3.1405639832224237,0.008928253984539463,-0.11756253210794208
3.9125,3.1405979951962295,0.008162873713399497,-0.1111547673643632
3.9166666666666665,3.1406289919071346,0.0074392106171868155,-0.10470399617169011
3.9208333333333334,3.1406571483433243,0.00675754468551272,-0.09821012149431496
3.925,3.1406826406622397,0.006118156539730093,-0.09167304640284987
3.9291666666666667,3.1407056461932075,0.005521327432241859,-0.0850926740694114
3.933333333333333,3.140726343440065,0.004967339245840156,-0.07846890776898915
3.9375,3.140744912083786,0.004456474493036584,-0.0718016508726816
3.9416666666666664,3.1407615329851004,0.003989016315436498,-0.06509080684912014
3.9458333333333333,3.1407763881871134,0.0035652484831040308,-0.05833627925977066
3.9499999999999997,3.1407896609179216,0.0031854553939577,-0.05153797175826173
3.9541666666666666,3.1408015355932264,0.002849922073170393,-0.04469578808401746
3.9583333333333335,3.1408121978189456,0.0025589341726108008,-0.03780963206729721
3.9625,3.1408218343938215,0.0023127779702520456,-0.03087940761776049
3.966666666666667,3.1408306333120284,0.0021117403696547512,-0.023905018731017993
3.970833333333333,3.140838783765776,0.0019561088994074676,-0.0168863694816894
3.975,3.1408464761479116,0.0018461717126122886,-0.009823364021609514
3.9791666666666665,3.1408539020545216,0.0017822175863821499,-0.0027159065774538206
3.9833333333333334,3.140861254287527,0.001764535921353586,0.004436098547411409
3.9875,3.140868726857282,0.0017934167411874417,0.011632746979334956
3.9916666666666667,3.140876514985166,0.001869150692111288,0.01887413427600513
3.995833333333333,3.1408848151061766,0.0019920290424724147,0.026160355925973506
